run_id,query_id,start_time,end_time,elapsed_time,row_count,error
100000_single_user_./queries/query_2.flux,1,1670314371.5973,1670314371.5973,0.0,0,True
100000_single_user_./queries/query_3.flux,2,1670314611.6617,1670314611.6617,0.0,0,True
100000_single_user_./queries/query_4.flux,3,1670314853.2659,1670314853.2659,0.0,0,True
100000_single_user_./queries/query_5.flux,4,1670315099.5353,1670315099.5353,0.0,0,True
100000_single_user_./queries/query_6.flux,5,1670315340.729,1670315340.729,0.0,0,True
100000_single_user_./queries/query_1.flux,6,1670315581.5943,1670315581.5943,0.0,0,True
