,run_id,query_id,start_time,end_time,elapsed_time,row_count,error
0,100000_multi_user__./queries/query_2.flux,1,1670315825.9452,1670315825.9452,0.0,0,True
1,100000_multi_user__./queries/query_3.flux,2,1670316073.428,1670316073.428,0.0,0,True
2,100000_multi_user__./queries/query_4.flux,3,1670316318.1193,1670316318.1193,0.0,0,True
3,100000_multi_user__./queries/query_5.flux,4,1670316562.855,1670316562.855,0.0,0,True
4,100000_multi_user__./queries/query_6.flux,5,1670316821.8479,1670316821.8479,0.0,0,True
5,100000_multi_user__./queries/query_1.flux,6,1670317063.4633,1670317063.4633,0.0,0,True
0,100000_multi_user__./queries/query_2.flux,1,1670315825.9526,1670315825.9526,0.0,0,True
1,100000_multi_user__./queries/query_3.flux,2,1670316073.4084,1670316073.4084,0.0,0,True
2,100000_multi_user__./queries/query_4.flux,3,1670316318.0336,1670316318.0336,0.0,0,True
3,100000_multi_user__./queries/query_5.flux,4,1670316562.8323,1670316562.8323,0.0,0,True
4,100000_multi_user__./queries/query_6.flux,5,1670316821.851,1670316821.851,0.0,0,True
5,100000_multi_user__./queries/query_1.flux,6,1670317063.4547,1670317063.4547,0.0,0,True
0,100000_multi_user__./queries/query_2.flux,1,1670315825.9366,1670315825.9366,0.0,0,True
1,100000_multi_user__./queries/query_3.flux,2,1670316073.4482,1670316073.4482,0.0,0,True
2,100000_multi_user__./queries/query_4.flux,3,1670316318.0578,1670316318.0578,0.0,0,True
3,100000_multi_user__./queries/query_5.flux,4,1670316562.8746,1670316562.8746,0.0,0,True
4,100000_multi_user__./queries/query_6.flux,5,1670316821.8512,1670316821.8512,0.0,0,True
5,100000_multi_user__./queries/query_1.flux,6,1670317063.4783,1670317063.4783,0.0,0,True
