run_id,query_id,start_time,end_time,elapsed_time,row_count,error
1000_single_user_query_1,1,1669485082.4973,1669485083.4495,0.9522,4223,False
1000_single_user_query_2,2,1669485083.4522,1669485083.5165,0.0642,1,False
1000_single_user_query_3,3,1669485083.5171,1669485083.753,0.2359,10,False
1000_single_user_query_4,4,1669485083.7543,1669485083.8128,0.0585,10,False
1000_single_user_query_5,5,1669485083.814,1669485083.8655,0.0516,10,False
1000_single_user_query_6,6,1669485083.8671,1669485083.9906,0.1235,10,False
